{
  "project_info": {
    "project_number": "392729033171",
    "project_id": "proyectoprueba-74597",
    "storage_bucket": "proyectoprueba-74597.appspot.com"
  },
  "client": [
    {
      "client_info": {
        "mobilesdk_app_id": "1:392729033171:android:1ee2712de793a3a3bfd726",
        "android_client_info": {
          "package_name": "com.angel.firebase"
        }
      },
      "oauth_client": [],
      "api_key": [
        {
          "current_key": "AIzaSyCo29OTGGhjrBPj3Kmvvc9P6VWXicdsXvk"
        }
      ],
      "services": {
        "appinvite_service": {
          "other_platform_oauth_client": []
        }
      }
    }
  ],
  "configuration_version": "1"
}